City,Country,Cloudiness,Date,Humidity,Lat,Lng,Max Temp,Wind Speed
Klaksvik,FO,64,1551500400,93,62.23,-6.59,44.6,9.17
Half Moon Bay,US,90,1551502932,66,37.46,-122.43,55.4,6.51
Port Elizabeth,US,90,1551502725,100,39.31,-74.98,39.0,9.17
Dikson,RU,68,1551502942,97,73.51,80.55,-0.55,12.55
Ushuaia,AR,75,1551499200,93,-54.81,-68.31,48.2,4.7
Kapaa,US,1,1551502895,53,22.08,-159.32,73.4,13.87
Chimore,BO,88,1551502943,97,-16.98,-65.13,71.72,1.92
Hilo,US,90,1551502711,56,19.71,-155.08,71.6,9.17
Port Hawkesbury,CA,1,1551502901,57,45.62,-61.36,23.0,8.05
Chokurdakh,RU,76,1551502815,68,70.62,147.9,-9.6,13.0
Husavik,CA,0,1551502804,84,50.56,-96.99,-3.0,3.0
Hermanus,ZA,48,1551502860,89,-34.42,19.24,66.99,1.99
Cherskiy,RU,68,1551502855,67,68.75,161.3,-9.64,7.18
Norman Wells,CA,5,1551499200,54,65.28,-126.83,1.4,19.46
Nyurba,RU,68,1551502944,73,63.29,118.35,17.18,3.71
Geraldton,CA,75,1551499200,71,49.72,-86.95,3.2,2.24
Fortuna,ES,20,1551502880,93,38.18,-1.13,55.99,5.82
Albany,US,90,1551502705,68,42.65,-73.75,30.0,3.36
Fort Nelson,CA,5,1551499200,75,58.81,-122.69,-14.81,4.7
Darnah,LY,92,1551502946,100,32.77,22.64,58.99,20.27
Georgetown,GY,40,1551499200,94,6.8,-58.16,73.4,3.36
Marzuq,YE,0,1551502950,35,14.4,46.47,75.14,5.17
Benavente,PT,75,1551502895,93,38.98,-8.82,57.99,8.05
Castro,CL,90,1551499200,87,-42.48,-73.76,51.8,3.36
Constitucion,MX,0,1551502956,51,23.99,-104.67,53.0,7.63
Cervia,IT,36,1551502946,93,44.26,12.35,46.0,3.36
Yellowknife,CA,5,1551502374,62,62.45,-114.38,-16.01,8.05
Cape Town,ZA,75,1551502652,82,-33.93,18.42,69.01,4.7
Vila Velha,BR,40,1551502689,94,-3.71,-38.6,77.0,3.36
Puerto Ayora,EC,8,1551502957,100,-0.74,-90.35,80.45,6.17
Khatanga,RU,0,1551502757,62,71.98,102.47,-13.78,2.93
Imeni Poliny Osipenko,RU,36,1551502958,57,52.42,136.49,25.82,3.38
Mataura,NZ,0,1551502204,70,-46.19,168.86,62.01,7.0
Terrassa,ES,36,1551502942,100,41.57,2.01,55.0,1.12
Sisimiut,GL,68,1551502962,80,66.94,-53.67,5.26,1.92
Muisne,EC,88,1551502962,93,0.61,-80.02,70.91,2.37
Kaeo,NZ,0,1551501485,68,-35.1,173.78,75.99,11.99
Pevek,RU,56,1551502891,63,69.7,170.27,3.19,2.71
Mar del Plata,AR,24,1551502962,93,-46.43,-67.52,54.53,2.26
Port Alfred,ZA,68,1551502838,83,-33.59,26.89,66.99,1.99
Ust-Kan,RU,48,1551502963,81,50.93,84.77,31.63,2.59
Ghanzi,BW,24,1551502963,70,-21.7,21.65,71.63,4.5
Sorland,NO,48,1551502963,100,67.67,12.69,34.51,20.27
Ostrovnoy,RU,20,1551502788,86,68.05,39.51,11.15,10.98
Bathsheba,BB,20,1551499200,78,13.22,-59.52,77.0,21.92
Provideniya,RU,0,1551502964,91,64.42,-173.23,26.09,13.33
Puerto Escondido,MX,5,1551498000,74,15.86,-97.07,78.8,5.82
Punta Arenas,CL,40,1551502395,87,-53.16,-70.91,50.0,12.75
Atuona,PF,0,1551502965,100,-9.8,-139.03,80.99,7.74
Busselton,AU,20,1551502843,23,-33.64,115.35,77.0,11.21
Aksarka,RU,56,1551502965,63,66.56,67.8,-3.97,3.83
Carnarvon,ZA,0,1551502965,55,-30.97,22.13,59.3,2.93
Portland,US,20,1551502720,69,45.52,-122.67,41.0,12.75
Port Augusta,AU,0,1551502563,11,-32.49,137.76,104.0,5.82
Iqaluit,CA,20,1551502371,69,63.75,-68.52,-11.01,19.46
Bilma,NE,8,1551502742,23,18.69,12.92,58.99,9.31
Eenhana,NA,20,1551499200,87,-17.48,16.34,60.8,7.85
Salalah,OM,0,1551498600,78,17.01,54.1,75.2,2.24
Topchikha,RU,40,1551501000,92,52.82,83.12,30.2,4.38
Saskylakh,RU,24,1551502814,25,71.97,114.09,-17.92,3.15
Sao Filipe,CV,0,1551502967,92,14.9,-24.5,70.64,18.03
Minot,US,1,1551502805,70,48.23,-101.3,1.99,24.16
Mahebourg,MU,75,1551502739,79,-20.41,57.7,84.2,11.41
Arraial do Cabo,BR,92,1551502968,100,-22.97,-42.02,72.35,4.61
Hobart,AU,0,1551502735,37,-42.88,147.33,100.0,20.8
Jamestown,AU,0,1551502756,21,-33.21,138.6,96.61,6.17
Nantucket,US,90,1551502944,86,41.28,-70.1,35.6,10.29
Kenai,US,1,1551502924,73,60.55,-151.26,24.8,2.93
Upernavik,GL,32,1551502969,100,72.79,-56.15,0.98,8.86
Luderitz,NA,0,1551502969,86,-26.65,15.16,60.79,14.0
Butaritari,KI,80,1551502969,100,3.07,172.79,82.52,11.77
Cidreira,BR,0,1551502896,92,-30.17,-50.22,70.33,11.21
Valdivia,CL,20,1551499200,87,-39.81,-73.25,50.0,3.49
Avarua,CK,64,1551501000,79,-21.21,-159.78,84.2,2.24
Amapa,HN,20,1551499200,83,15.09,-87.97,77.0,1.92
Dudinka,RU,80,1551502970,86,69.41,86.18,13.13,21.5
Qaanaaq,GL,8,1551502970,70,77.48,-69.36,-16.8,6.85
Rikitea,PF,92,1551502971,100,-23.12,-134.97,77.89,13.44
Sobolevo,RU,56,1551502911,78,54.43,31.9,15.16,11.43
Tiksi,RU,32,1551502914,70,71.64,128.87,-2.22,3.6
Whitehorse,CA,20,1551502819,62,60.72,-135.06,19.4,14.99
Tasiilaq,GL,88,1551502821,100,65.61,-37.64,19.61,22.5
Acapulco,MX,40,1551498300,83,16.86,-99.88,78.8,9.17
Ottumwa,US,90,1551502693,74,41.02,-92.41,30.2,6.93
Huilong,CN,92,1551502972,96,28.89,110.18,43.73,3.27
Carutapera,BR,88,1551502972,98,-1.2,-46.02,76.13,3.49
Pundaguitan,PH,48,1551502973,90,6.37,126.17,83.06,5.39
Talnakh,RU,76,1551502973,84,69.49,88.39,13.4,20.04
Shuangyang,CN,32,1551502976,78,25.0,118.61,68.89,3.04
Lingyuan,CN,0,1551502976,42,41.24,119.4,56.6,8.19
Chuy,UY,0,1551502931,72,-33.69,-53.46,70.82,16.13
Barrow,AR,88,1551502755,74,-38.31,-60.23,61.91,21.05
Bojkovice,CZ,24,1551502929,80,49.04,17.81,33.01,3.36
Victoria,BN,40,1551501000,58,5.28,115.24,87.8,5.82
Oussouye,SN,0,1551502977,75,12.49,-16.54,70.51,14.67
Airai,TL,92,1551502978,90,-8.93,125.41,75.46,2.26
Bethel,US,90,1551501240,100,60.79,-161.76,33.8,8.05
Narsaq,GL,48,1551498600,27,60.91,-46.05,39.2,18.34
Iralaya,HN,68,1551502982,82,15.0,-83.23,79.1,8.75
Iskateley,RU,0,1551502991,64,67.68,53.15,-0.46,13.22
Kupang,ID,48,1551502991,100,-10.16,123.6,81.08,2.15
Carballo,ES,0,1551502952,93,43.21,-8.69,53.01,8.05
Los Llanos de Aridane,ES,36,1551502804,67,28.66,-17.92,62.6,10.29
Moose Factory,CA,90,1551499200,84,51.26,-80.61,6.8,5.82
Hithadhoo,MV,8,1551502750,100,-0.6,73.08,83.33,11.77
East London,ZA,20,1551499200,82,-33.02,27.91,68.0,5.82
Bredasdorp,ZA,56,1551502827,87,-34.53,20.04,63.0,3.36
Kavaratti,IN,0,1551502993,100,10.57,72.64,82.25,5.61
Nikolskoye,RU,0,1551502534,67,59.7,30.79,23.0,8.95
Lerwick,GB,88,1551502200,93,60.15,-1.15,44.6,10.29
Thompson,CA,75,1551499200,75,55.74,-97.86,-13.01,4.7
Vaini,IN,0,1551499200,16,15.34,74.49,84.2,5.82
New Norfolk,AU,0,1551502735,32,-42.78,147.06,100.0,20.8
Krasnoborsk,RU,36,1551502994,87,61.56,45.93,11.38,2.82
Ribeira Grande,PT,92,1551502995,91,38.52,-28.7,62.41,23.51
Panaba,MX,0,1551502995,77,21.28,-88.27,72.76,4.61
Bambous Virieux,MU,75,1551502739,79,-20.34,57.76,84.2,11.41
San Quintin,PH,12,1551502995,53,17.54,120.52,83.56,6.4
Londa,IT,75,1551502992,100,43.86,11.57,46.0,2.24
Esperance,TT,24,1551502826,83,10.24,-61.45,75.2,6.4
Sambava,MG,20,1551502996,100,-14.27,50.17,81.35,7.07
Bluff,AU,92,1551502996,38,-23.58,149.07,88.24,13.44
Shenjiamen,CN,92,1551502996,100,29.96,122.3,48.95,14.56
Lavrentiya,RU,0,1551502996,77,65.58,-170.99,19.21,10.65
Tual,ID,56,1551502780,100,-5.67,132.75,82.52,11.21
Balkanabat,TM,64,1551503000,87,39.51,54.36,43.24,9.64
Kodiak,US,40,1551502969,45,39.95,-94.76,32.0,12.75
Greenville,US,1,1551502857,100,34.85,-82.4,57.0,6.93
Athabasca,CA,8,1551502817,67,54.72,-113.29,-16.08,3.04
Caravelas,BR,92,1551503004,100,-17.73,-39.27,82.97,15.12
Torbay,CA,90,1551502947,62,47.66,-52.73,21.0,21.92
Ban Nahin,LA,8,1551503004,56,18.24,104.21,89.14,3.04
Kailua,US,20,1551502997,94,21.39,-157.74,73.4,11.41
Horsham,AU,0,1551503005,36,-36.71,142.2,92.06,10.76
Ancud,CL,90,1551499200,87,-41.87,-73.83,51.8,3.36
Riyadh,SA,0,1551499200,45,24.63,46.72,46.4,4.7
Praya,ID,75,1551501000,74,-8.71,116.27,86.0,9.17
Saint Anthony,US,1,1551502967,79,43.97,-111.68,30.2,5.82
Les Cayes,HT,48,1551503006,100,18.19,-73.75,76.99,10.09
Ponta do Sol,BR,48,1551502794,96,-20.63,-46.0,65.87,2.15
Lebu,ET,0,1551503006,55,8.96,38.73,62.59,3.94
Teeli,RU,8,1551503006,73,51.01,90.2,26.23,3.04
Tomatlan,MX,92,1551503006,96,19.93,-105.25,70.64,2.37
Poum,MK,76,1551503007,80,41.28,20.71,26.81,1.92
College,US,1,1551502516,85,64.86,-147.8,19.4,2.59
Cap-aux-Meules,CA,24,1551502936,92,47.38,-61.86,13.99,15.68
Yar-Sale,RU,64,1551503016,91,66.83,70.83,0.94,2.71
Springdale,US,90,1551502992,83,36.19,-94.13,37.99,5.82
Chapais,CA,1,1551499200,84,49.78,-74.86,1.4,2.59
Mahon,IE,40,1551502789,100,51.89,-8.4,50.0,8.05
Sechura,PE,76,1551503017,82,-5.56,-80.82,76.22,10.09
Nizwa,OM,0,1551503017,17,22.93,57.53,74.51,8.97
Fort Erie,US,90,1551503008,79,42.91,-78.92,28.0,6.93
Zhigansk,RU,12,1551503018,61,66.77,123.37,1.03,3.71
Saint-Philippe,CA,1,1551502706,72,45.36,-73.48,17.6,3.15
Tiarei,PF,20,1551502994,70,-17.53,-149.33,84.2,13.87
Havoysund,NO,0,1551502200,66,71.0,24.66,10.4,6.93
Sao Joao da Barra,BR,56,1551502848,100,-21.64,-41.05,80.68,11.99
Puerto Leguizamo,CO,36,1551503020,97,-0.19,-74.78,73.48,2.15
Mogok,MM,0,1551503020,52,22.92,96.51,75.41,2.48
Namatanai,PG,8,1551503020,89,-3.66,152.44,86.12,9.19
Wagar,US,76,1551502954,95,31.44,-87.99,63.0,2.48
Aykhal,RU,0,1551503021,71,65.95,111.51,7.51,3.94
Sajanan,TN,92,1551499200,76,37.06,9.24,55.4,9.17
Nova Venecia,BR,8,1551502840,86,-18.71,-40.4,75.59,7.63
Longyearbyen,NO,24,1551503022,100,78.22,15.63,-24.67,1.59
Japura,ID,56,1551503022,86,-0.42,102.29,80.72,2.82
Saint-Pierre,FR,90,1551502625,93,48.95,4.24,46.4,9.17
Guerrero Negro,MX,44,1551503022,100,27.97,-114.04,56.06,5.73
Pisco,PE,0,1551499200,78,-13.71,-76.2,73.4,9.17
Khorixas,NA,20,1551502803,63,-20.37,14.96,65.51,2.93
Virginia Beach,US,90,1551503011,100,36.85,-75.98,44.6,11.41
Valparaiso,US,75,1551502855,79,41.47,-87.06,30.99,1.03
Codrington,AU,92,1551502776,69,-28.95,153.24,78.8,20.8
Yongan,CN,44,1551503025,60,39.7,113.69,47.15,3.04
Caconda,AO,76,1551503025,96,-13.73,15.06,62.14,4.38
Severo-Kurilsk,RU,64,1551503025,100,50.68,156.12,24.88,7.4
Freilassing,DE,75,1551503008,75,47.84,12.98,44.6,13.87
Enshi,CN,92,1551503026,88,30.29,109.48,47.74,3.71
Lebowakgomo,ZA,90,1551501000,93,-24.3,29.54,69.8,13.87
Beruwala,LK,32,1551503029,97,6.48,79.98,82.66,3.15
San Patricio,PY,0,1551502763,81,-26.98,-56.83,59.75,2.15
Souillac,FR,90,1551502990,93,45.6,-0.6,51.01,12.75
Buala,SB,76,1551503030,85,-8.15,159.59,82.88,2.71
Marystown,CA,8,1551502643,100,47.17,-55.16,25.0,28.88
Antalaha,MG,36,1551503031,97,-14.9,50.28,80.41,5.73
Maraa,BR,20,1551503031,88,-1.83,-65.37,76.99,6.06
Sinnamary,GF,92,1551502938,91,5.38,-52.96,79.69,12.77
Wegorzewo,PL,12,1551503032,76,54.22,21.74,14.71,3.15
Santa Fe,AR,20,1551502683,69,-31.62,-60.7,73.99,1.99
Arman,RU,36,1551503032,60,59.7,150.17,8.99,7.74
Praia da Vitoria,PT,40,1551502878,77,38.73,-27.07,60.8,24.29
Oistins,BB,20,1551499200,78,13.07,-59.53,77.0,21.92
Abu Samrah,SY,12,1551503033,92,35.3,37.18,49.09,6.29
Narrabri,AU,40,1551499200,22,-30.33,149.78,89.6,8.05
Sao Desiderio,BR,36,1551503036,93,-12.36,-44.97,67.54,3.27
Samarai,PG,32,1551503036,100,-10.62,150.67,82.21,11.32
Ahipara,NZ,0,1551501026,71,-35.17,173.16,75.99,1.99
Nsanje,MZ,92,1551503037,96,-16.92,35.26,76.63,4.5
Vao,EE,8,1551503037,85,59.1,26.19,20.38,10.09
Batagay-Alyta,RU,8,1551503037,70,67.8,130.41,-0.6,3.15
Ilulissat,GL,8,1551498600,57,69.22,-51.1,32.0,17.22
Hohhot,CN,0,1551499200,30,40.81,111.65,44.6,2.24
Kendari,ID,76,1551503041,79,-3.99,122.52,84.64,3.71
Vardo,US,90,1551503039,98,39.62,-77.74,33.8,6.93
Knokke-Heist,BE,40,1551503004,87,51.33,3.33,46.0,6.93
Pangody,RU,76,1551503054,80,65.85,74.49,13.31,7.18
Mankera,NG,56,1551503054,31,13.01,5.07,65.06,8.52
Mabaruma,GY,88,1551503054,80,8.2,-59.78,77.3,6.51
Chenghai,CN,75,1551499200,73,23.46,116.77,69.8,4.47
Alihe,CN,36,1551503056,52,50.57,123.73,36.04,3.6
Lompoc,US,90,1551502710,87,34.64,-120.46,57.99,3.36
Oksovskiy,RU,80,1551503056,81,62.61,39.91,14.39,6.73
Fort Wellington,GY,92,1551503056,96,6.4,-57.6,78.61,16.69
Ojinaga,US,1,1551502016,19,29.56,-104.41,71.6,6.93
Caceres,CO,76,1551503056,94,5.53,-74.53,67.81,2.37
Ketchikan,US,1,1551498960,86,55.34,-131.65,37.4,4.7
Belaya Gora,RU,56,1551503057,68,68.54,146.19,-15.45,3.71
Yatou,CM,68,1551503057,100,3.63,9.81,79.28,2.59
Alyangula,AU,40,1551499380,94,-13.85,136.42,77.0,6.93
Satana,IN,0,1551503058,36,20.6,74.2,85.54,8.41
Manakara,MG,68,1551503058,90,-22.14,48.01,83.11,5.61
Amuntai,ID,44,1551503058,71,-2.42,115.25,86.71,3.04
Zlatibor,RS,92,1551501000,93,43.73,19.7,37.4,5.82
Bonavista,CA,68,1551502947,71,48.65,-53.11,19.0,15.01
Kolkwitz,DE,90,1551502939,100,50.72,11.42,39.0,5.82
Atyashevo,RU,88,1551503059,89,54.56,46.07,21.73,15.46
Black River,JM,20,1551499200,78,18.03,-77.85,77.0,3.36
Turukhansk,RU,88,1551503060,84,65.8,87.96,15.16,15.46
Kindu,CD,20,1551503060,95,-2.95,25.92,72.8,2.37
Ust-Tsilma,RU,0,1551503060,68,65.44,52.15,1.52,3.38
Nargana,PA,68,1551503060,100,9.44,-78.59,79.51,13.22
Saint-Denis,FR,75,1551503016,81,48.94,2.36,48.0,9.17
Lagoa,PT,0,1551502931,81,37.14,-8.45,54.0,2.24
Meadow Lake,CA,32,1551503004,50,54.13,-108.44,-10.09,4.61
Kaitangata,NZ,0,1551503061,63,-46.28,169.85,62.9,11.32
Praia,BR,92,1551503061,96,-20.25,-43.81,64.66,2.82
Port Hedland,AU,80,1551501000,41,-20.31,118.58,96.8,13.87
Blackwater,GB,76,1551503046,93,51.33,-0.78,50.0,5.82
Itarema,BR,44,1551503062,95,-2.92,-39.92,73.03,2.71
Labytnangi,RU,36,1551503062,63,66.66,66.39,-8.52,3.38
Dentsville,US,20,1551503044,87,34.06,-80.96,61.0,8.41
Leningradskiy,RU,0,1551503063,76,69.38,178.42,19.21,23.4
Hofn,IS,92,1551503063,100,64.25,-15.21,39.73,13.22
Kawalu,ID,92,1551503063,97,-7.38,108.21,72.76,1.7
Iwanai,JP,36,1551503064,96,42.97,140.51,33.47,14.34
Port Blair,IN,8,1551503064,100,11.67,92.75,82.34,11.54
North Bend,US,1,1551503007,100,43.41,-124.22,42.01,5.82
Hambantota,LK,20,1551499800,66,6.12,81.12,87.8,16.11
Nacala,MZ,88,1551503068,93,-14.56,40.69,82.79,5.84
Udachnyy,RU,0,1551503068,66,66.42,112.4,9.26,3.38
Nambour,AU,12,1551503065,72,-26.63,152.96,77.0,5.01
Saint George,GR,20,1551503006,78,39.45,22.34,48.2,4.7
Nome,US,90,1551502755,82,30.04,-94.42,62.6,2.59
Aklavik,CA,5,1551499200,49,68.22,-135.01,-0.41,8.05
Kavieng,PG,56,1551503072,100,-2.57,150.8,83.6,4.61
Broome,GB,88,1551503062,87,52.47,1.45,46.4,9.17
Vestmannaeyjar,IS,92,1551503072,100,63.44,-20.27,38.74,6.51
Pampierstad,ZA,0,1551503081,33,-27.78,24.69,71.18,4.94
Hobyo,SO,48,1551503082,79,5.35,48.53,79.19,6.17
Krasnyy Chikoy,RU,80,1551503082,33,50.36,108.75,38.29,4.72
Bilibino,RU,36,1551503082,62,68.06,166.44,-9.15,3.49
Zeerust,ZA,0,1551499200,64,-25.54,26.07,71.6,10.29
Monterey,US,90,1551502797,71,36.6,-121.89,55.4,5.06
Saldanha,PT,32,1551503083,86,41.42,-6.55,38.15,6.06
Schieder-Schwalenberg,DE,90,1551503051,100,51.88,9.19,41.0,3.36
Mbini,GQ,92,1551503083,100,1.58,9.62,79.82,7.63
Sumbe,AO,92,1551503086,100,-11.2,13.84,73.88,4.38
Suntar,RU,48,1551503087,64,62.16,117.65,18.49,3.71
Faanui,PF,80,1551503087,100,-16.48,-151.75,77.39,8.08
Northam,GB,92,1551502877,100,51.04,-4.21,51.01,2.24
Tautira,PF,20,1551502994,70,-17.73,-149.15,84.2,13.87
Tuktoyaktuk,CA,5,1551499200,64,69.44,-133.03,-4.01,18.34
Sitrah,BH,20,1551501000,44,26.15,50.62,60.8,16.11
Morant Bay,JM,20,1551499200,65,17.88,-76.41,78.8,5.82
Sale,GB,75,1551503082,87,53.42,-2.32,48.0,5.82
Verkhoyansk,RU,24,1551503088,60,67.55,133.39,-13.6,3.71
Zambezi,ZM,12,1551503089,87,-13.55,23.12,67.54,10.76
Cabo San Lucas,MX,5,1551502935,53,22.89,-109.91,72.0,9.17
Zapolyarnyy,RU,20,1551502200,83,69.43,30.82,-4.01,8.05
Port Hardy,CA,90,1551499200,92,50.7,-127.42,28.4,4.7
Kununurra,AU,40,1551501000,39,-15.77,128.74,96.8,5.82
Batemans Bay,AU,56,1551502937,81,-35.71,150.18,79.0,10.0
Katsuura,JP,75,1551502483,57,33.93,134.5,52.0,10.29
Vanavara,RU,76,1551503090,72,60.35,102.28,24.88,3.71
Mamallapuram,IN,40,1551501223,58,12.63,80.17,87.8,10.29
Bakchar,RU,12,1551503093,79,57.02,82.07,21.91,4.83
Maragogi,BR,68,1551503094,98,-9.01,-35.22,74.78,2.26
Glenluce,GB,36,1551502937,93,54.88,-4.81,46.99,1.01
Wajima,JP,0,1551499200,39,37.4,136.9,48.2,4.7
Clyde River,CA,1,1551499200,70,70.47,-68.59,1.4,17.22
Mildura,AU,0,1551502810,11,-34.18,142.16,100.99,5.82
Kalmunai,LK,88,1551502899,97,7.42,81.82,78.79,4.72
Isangel,VU,75,1551499200,88,-19.55,169.27,80.6,4.7
Tura,IN,0,1551502984,72,25.52,90.21,69.56,3.6
Mangrol,IN,56,1551503095,40,25.33,76.51,74.78,10.09
Port-Gentil,GA,76,1551502912,100,-0.72,8.78,77.3,5.61
Itoigawa,JP,0,1551503095,100,37.02,137.87,47.06,6.51
Biak,ID,64,1551503096,80,-0.91,122.88,85.18,3.15
San Pedro,AR,0,1551503019,81,-33.68,-59.66,71.01,1.99
Road Town,VG,1,1551502631,78,18.42,-64.62,77.0,11.41
Letpadan,MM,0,1551502984,46,17.78,95.75,90.76,3.71
Marsa Matruh,EG,75,1551499200,81,31.35,27.25,51.8,4.7
Hamilton,CA,75,1551502994,92,43.26,-79.87,27.0,9.17
Pokrovsk,UA,80,1551503098,76,48.28,37.18,27.89,13.22
Pauini,BR,24,1551503098,96,-7.71,-67.0,73.93,3.49
Baiyin,CN,20,1551499200,48,36.55,104.13,41.0,6.71
Emerald,AU,75,1551503003,29,-23.53,148.16,89.6,12.75
Saint-Joseph,FR,0,1551503089,80,43.56,6.97,50.0,3.36
Zhangjiakou,CN,0,1551503099,58,40.77,114.88,48.68,3.15
Gezing,AT,75,1551503095,75,47.92,13.13,44.6,13.87
Gamba,CN,0,1551502911,87,28.28,88.52,19.66,5.95
Broken Hill,AU,40,1551499200,12,-31.97,141.45,96.8,8.05
Ginda,IN,92,1551503100,78,30.69,78.49,45.58,1.14
Berlevag,NO,20,1551502200,51,70.86,29.09,14.0,5.82
Tecoh,MX,5,1551502880,65,20.74,-89.48,79.0,13.87
Voskresenskoye,RU,8,1551503101,75,56.84,45.43,14.71,8.63
Ambulu,ID,44,1551503101,100,-8.35,113.61,82.7,5.73
Murgab,TM,75,1551499200,87,37.5,61.97,46.4,4.7
Dunedin,NZ,0,1551502809,66,-45.87,170.5,63.0,5.99
Naze,NG,20,1551499200,94,5.43,7.07,78.8,2.71
Sao Geraldo do Araguaia,BR,88,1551503106,97,-6.4,-48.55,73.48,3.04
Inongo,CD,36,1551503107,100,-1.93,18.29,72.35,3.15
Meulaboh,ID,24,1551503107,100,4.14,96.13,85.49,3.38
Puri,ID,40,1551501000,74,-7.54,112.45,87.8,9.17
Colares,PT,75,1551502827,93,38.8,-9.45,57.99,8.05
Zhukovo,RU,56,1551503108,91,57.4,83.94,18.76,6.85
Port Lincoln,AU,76,1551503118,83,-34.72,135.86,70.91,17.81
Ginir,ET,0,1551503118,24,7.14,40.71,77.44,4.27
Kloulklubed,PW,75,1551498600,69,7.04,134.26,82.4,10.29
Honningsvag,NO,48,1551503119,100,70.98,25.97,16.96,5.84
Soderhamn,SE,32,1551502928,55,61.3,17.06,28.0,5.99
Alpine,US,90,1551503116,68,43.07,-85.69,30.2,4.7
Dongsheng,CN,92,1551503120,90,29.72,112.52,49.36,11.32
Roebourne,AU,76,1551503123,22,-20.77,117.15,99.17,9.42
Rosa Zarate,EC,92,1551503126,96,0.33,-79.47,71.59,2.04
Riviere-au-Renard,CA,5,1551499200,57,49.0,-64.4,17.6,11.41
Qandala,SO,8,1551503127,74,11.47,49.87,76.22,2.93
Hurricane,US,90,1551502892,52,37.18,-113.29,55.4,12.75
Sao Jose da Coroa Grande,BR,68,1551503127,98,-8.9,-35.15,74.78,2.26
San Rafael,AR,0,1551503033,27,-34.61,-68.33,63.08,9.19
Hailun,CN,88,1551503128,37,47.46,126.97,44.09,8.41
Saint-Augustin,FR,90,1551502990,93,44.83,-0.61,51.8,11.41
Tommot,RU,68,1551503131,64,58.97,126.27,20.51,3.71
Mackay,CA,5,1551499200,52,53.65,-115.58,-9.41,3.36
Hueyapan,MX,0,1551503132,84,19.88,-97.44,55.43,1.92
Lazaro Cardenas,MX,40,1551503044,31,28.39,-105.62,66.0,2.71
Flinders,AU,40,1551503097,54,-34.58,150.85,84.0,17.22
Urucara,BR,24,1551503132,90,-2.54,-57.76,76.04,2.59
Malinyi,TZ,68,1551503133,96,-8.94,36.14,73.07,2.15
Newport,GB,90,1551502838,93,51.59,-3.0,48.99,6.93
Ormara,PK,88,1551503133,100,25.21,64.64,68.93,18.92
Kruisfontein,ZA,68,1551503134,85,-34.0,24.73,63.94,5.28
Strelka,RU,56,1551503134,85,58.08,93.03,25.37,3.6
Aginskoye,RU,32,1551503134,28,51.11,114.54,41.89,4.61
Te Anau,NZ,0,1551503134,36,-45.41,167.72,68.08,3.15
Mayumba,GA,76,1551503134,100,-3.44,10.65,78.11,3.71
Ugoofaaru,MV,12,1551503135,100,5.67,73.0,82.43,11.99
Teya,MX,5,1551502880,65,21.05,-89.07,79.0,13.87
Rafai,CF,36,1551503138,98,4.95,23.92,70.46,4.83
General Roca,AR,0,1551499200,55,-39.03,-67.58,62.6,5.06
Shakiso,ET,0,1551503142,25,5.77,38.9,74.69,3.15
Kamloops,CA,75,1551499200,79,50.68,-120.34,24.8,3.36
Zaraza,VE,0,1551503145,74,9.35,-65.33,73.16,5.17
Nazareno Etla,MX,32,1551503145,94,17.18,-96.82,48.95,1.14
La Paz,MX,5,1551502809,48,24.15,-110.32,64.4,5.82
Comodoro Rivadavia,AR,40,1551499200,87,-45.87,-67.48,57.2,6.17
Santa Maria da Boa Vista,BR,88,1551503155,90,-8.8,-39.83,70.51,6.62
Kasongo,CD,76,1551503155,90,-4.43,26.67,73.34,3.27
Sri Aman,MY,75,1551499200,74,1.24,111.46,84.2,3.36
Cockburn Town,TC,44,1551503091,98,21.46,-71.14,77.39,17.47
Grand Gaube,MU,75,1551503039,79,-20.01,57.66,84.2,11.41
Mount Gambier,AU,12,1551499860,9,-37.83,140.78,104.0,18.34
Beringovskiy,RU,0,1551503156,83,63.05,179.32,21.05,11.77
Verkhnyaya Toyma,RU,20,1551503156,75,62.24,45.0,11.24,2.59
Darovskoy,RU,0,1551503156,78,58.77,47.96,8.14,8.97
Florencia,CO,36,1551503157,97,1.62,-75.61,66.95,1.92
Veraval,FR,92,1551503127,93,49.65,0.71,46.4,10.29
Acajutla,SV,0,1551503108,89,13.59,-89.83,70.64,1.92
Suba,CN,32,1551503158,74,28.73,103.51,53.81,2.93
Rio Gallegos,AR,40,1551499200,93,-51.62,-69.22,55.4,9.17
Liberal,US,1,1551502998,92,37.04,-100.92,30.2,3.36
Touros,BR,40,1551499200,94,-5.2,-35.46,77.0,4.7
Marrakesh,MA,0,1551501000,87,31.63,-7.99,48.2,2.24
Veinticinco de Mayo,AR,0,1551503159,85,-27.38,-54.75,55.84,2.59
Rawson,AR,0,1551503159,86,-43.3,-65.11,46.39,2.71
Big Spring,US,1,1551503111,39,32.25,-101.48,62.6,9.17
Bonoua,CI,20,1551501000,94,5.27,-3.6,78.8,4.7
Yining,CN,92,1551503160,99,29.04,114.56,49.94,3.38
Kangaba,ML,24,1551503160,48,11.94,-8.41,57.77,9.42
Hay River,CA,20,1551499200,74,60.82,-115.79,-23.81,2.71
Las Tunas,CU,0,1551498600,88,20.96,-76.96,73.4,4.7
The Hammocks,US,75,1551503127,83,25.67,-80.44,75.99,8.05
Abaete,BR,68,1551503161,94,-19.16,-45.45,68.66,0.81
Murray,US,90,1551503150,59,40.67,-111.89,43.0,8.05
Sur,OM,8,1551503162,94,22.57,59.53,72.31,11.88
Kargat,RU,44,1551503163,96,55.19,80.28,19.66,4.94
Ipixuna,BR,0,1551499200,94,-1.76,-48.8,73.4,4.7
Yulara,AU,0,1551499200,11,-25.24,130.99,104.0,8.05
Polis,CY,75,1551502855,87,35.04,32.42,51.8,4.7
Kondinskoye,RU,88,1551503163,86,59.65,67.41,26.23,10.65
Mirnyy,RU,44,1551503164,83,56.57,36.46,13.85,8.97
Anshun,CN,8,1551503164,68,26.25,105.93,59.26,10.65
Orlovskiy,RU,88,1551503164,93,46.87,42.05,32.71,15.35
Lomovka,RU,90,1551501000,92,53.92,58.37,19.4,11.18
Nanortalik,GL,56,1551503169,89,60.14,-45.24,31.4,27.54
Sandnessjoen,NO,64,1551502200,100,66.02,12.63,32.0,14.99
Patos de Minas,BR,88,1551502925,100,-18.6,-46.51,66.99,3.27
San Carlos de Bariloche,AR,0,1551499200,75,-41.13,-71.31,41.0,3.36
Port-Cartier,CA,20,1551499200,70,50.03,-66.88,-5.81,3.36
Deniliquin,AU,0,1551503171,43,-35.53,144.96,90.04,6.62
Nioro,GM,0,1551503172,40,13.79,-15.05,58.67,10.98
Santa Maria del Oro,MX,0,1551503172,62,25.95,-105.37,45.26,2.82
Jonesboro,US,90,1551502987,86,35.84,-90.7,39.2,3.36
Sinnai,IT,0,1551502837,81,39.3,9.2,53.6,10.29
Rio Grande,BR,0,1551503176,94,-32.03,-52.1,71.36,13.44
Anadyr,RU,75,1551502998,85,64.73,177.51,21.2,24.61
Ilyich,RU,24,1551503176,49,44.09,41.37,29.15,6.4
Bezerros,BR,92,1551503177,96,-8.24,-35.76,68.98,1.92
Pori,FI,12,1551502200,83,61.49,21.79,32.0,10.29
Lata,IN,92,1551503177,78,30.78,78.62,45.58,1.14
Troitsk,RU,88,1551503177,91,54.08,61.55,26.23,14.0
Varzea da Palma,BR,76,1551503177,100,-17.6,-44.73,66.64,3.15
Thunder Bay,CA,90,1551502822,85,48.41,-89.26,15.01,2.37
Merauke,ID,88,1551503178,100,-8.49,140.4,80.72,3.27
Maniitsoq,GL,12,1551503178,56,65.42,-52.9,22.81,10.2
Trujillo,PE,75,1551499200,88,-8.11,-79.03,75.2,6.93
Teknaf,BD,0,1551503179,44,20.86,92.31,79.1,7.74
Tulun,RU,0,1551503179,72,54.56,100.58,35.41,3.49
Olinda,EC,40,1551502917,83,-2.03,-79.75,81.0,10.29
Hennigsdorf,DE,75,1551503179,90,52.64,13.21,39.0,4.7
Zakamensk,RU,12,1551503183,63,50.38,103.29,31.85,3.04
Kashkhatau,RU,90,1551499200,86,43.32,43.61,33.8,4.47
Kingsland,US,1,1551502979,93,30.8,-81.69,64.99,6.93
Maceio,BR,20,1551499200,88,-9.67,-35.74,75.2,4.7
Plettenberg Bay,ZA,80,1551503193,98,-34.05,23.37,65.33,4.94
Danilovka,RU,88,1551503163,97,50.35,44.12,31.31,10.87
Odienne,CI,0,1551503193,40,9.51,-7.57,56.42,6.4
Honiara,SB,80,1551502904,69,-9.43,159.96,82.79,1.36
Honolulu,US,40,1551503142,53,21.3,-157.86,73.4,9.17
Darhan,MN,0,1551503197,41,49.49,105.92,41.48,11.43
Pacific Grove,US,90,1551503119,71,36.62,-121.92,57.2,5.06
Cayenne,GF,80,1551501000,88,4.94,-52.33,75.2,6.93
Kharp,RU,24,1551503197,54,66.82,65.8,-11.17,3.04
Kalianget,ID,20,1551499200,62,-7.35,109.91,87.8,10.29
Salinas,US,90,1551503056,71,36.67,-121.66,57.2,5.06
Soyo,AO,76,1551503198,97,-6.13,12.37,74.38,4.38
Goya,AR,0,1551503198,70,-29.14,-59.27,66.77,5.28
Jackson,US,90,1551502883,86,35.61,-88.82,39.99,6.93
Malko Tarnovo,TR,0,1551502858,75,41.98,27.52,48.99,9.17
Impfondo,CD,76,1551503200,100,1.62,18.06,68.84,3.15
Toktogul,KG,48,1551503115,67,41.87,72.95,28.0,2.15
Mananjary,MG,0,1551503200,57,-19.16,46.8,75.68,5.39
Elizabeth City,US,90,1551503131,93,36.3,-76.22,44.6,13.87
Tawau,MY,40,1551499200,46,4.26,117.89,91.4,6.93
Zhangye,CN,0,1551503201,86,38.94,100.46,42.38,4.38
Mitchell,US,1,1551503105,84,43.71,-98.03,-0.41,11.41
Kaifeng,CN,90,1551499200,66,34.8,114.35,48.2,4.47
Sapouy,BF,0,1551503205,25,11.55,-1.77,61.28,8.41
Hinesburg,US,1,1551503188,73,44.33,-73.11,23.0,2.82
Antofagasta,CL,40,1551499200,88,-23.65,-70.4,66.2,4.7
Tak Bai,TH,75,1551499200,58,6.26,102.05,87.8,8.05
Hasaki,JP,40,1551503076,32,35.73,140.83,59.0,3.36
Along,IN,0,1551503207,46,28.17,94.8,63.31,1.92
Daru,SL,0,1551503210,86,7.99,-10.85,67.36,2.71
Shingu,JP,0,1551499200,100,33.72,135.99,55.4,9.17
Gorontalo,ID,76,1551503210,50,0.54,123.06,89.59,1.59
Shostka,UA,92,1551503211,85,51.86,33.47,21.05,15.35
Mayna,RU,68,1551503211,70,53.0,91.49,30.05,2.15
Srivaikuntam,IN,40,1551499200,51,8.63,77.91,86.0,11.41
Florida,CU,40,1551498600,83,21.53,-78.23,75.2,6.93
Jojoima,SL,0,1551503212,86,7.88,-10.79,67.36,2.71
Lasa,CY,75,1551502855,87,34.92,32.53,55.4,4.7
Semey,KZ,24,1551501000,92,50.41,80.25,15.8,6.71
Harper,US,90,1551503164,93,30.3,-99.24,60.01,10.98
Wakefield,GB,75,1551503163,93,53.68,-1.5,46.0,11.41
Vilhena,BR,8,1551503007,94,-12.74,-60.15,69.11,2.15
Mount Isa,AU,40,1551501000,28,-20.73,139.49,93.2,8.05
Bubaque,GW,0,1551503214,100,11.28,-15.83,74.06,20.27
Lorengau,PG,24,1551503214,97,-2.02,147.27,83.78,8.97
Fare,PF,36,1551503215,100,-16.7,-151.02,82.21,8.19
Kahului,US,20,1551503022,56,20.89,-156.47,73.4,12.75
Asyut,EG,0,1551499200,70,27.18,31.19,44.6,9.17
Atikokan,CA,56,1551503215,75,48.76,-91.62,4.63,4.38
Mecca,SA,0,1551503215,55,21.43,39.83,63.76,6.06
Srednekolymsk,RU,48,1551502925,58,67.46,153.71,-6.49,5.84
Itoman,JP,40,1551502998,69,26.12,127.67,77.0,12.75
Bawku,GH,48,1551503219,31,11.06,-0.24,63.94,6.73
Tuatapere,NZ,0,1551502807,68,-46.13,167.69,62.01,7.0
Taoudenni,ML,0,1551503220,42,22.68,-3.98,40.58,4.5
Mundo Nuevo,CL,0,1551499200,93,-32.72,-71.41,53.6,2.59
Fairbanks,US,1,1551503119,85,64.84,-147.72,18.0,2.59
Kajaani,FI,90,1551502200,92,64.22,27.73,21.2,6.93
Katobu,ID,24,1551503221,89,-4.94,122.53,85.31,1.25
Carman,CA,20,1551503114,91,49.51,-98.0,-4.01,5.5
Tsovagyugh,AM,8,1551503225,78,40.63,44.96,27.98,5.28
Taksimo,RU,24,1551503225,65,56.36,114.84,25.1,2.71
Moroni,US,88,1551502891,78,39.52,-111.59,44.01,4.27
Namibe,AO,76,1551503229,100,-15.19,12.15,75.5,1.14
Iquitos,PE,0,1551499200,94,-3.75,-73.25,77.0,2.71
Xai-Xai,MZ,36,1551503229,99,-25.04,33.64,79.46,4.16
Kutum,SD,0,1551503233,20,14.2,24.66,60.79,11.43
Tsabong,BW,0,1551503233,37,-26.02,22.4,70.78,2.82
Puteyets,RU,44,1551503233,73,65.17,57.09,7.64,5.17
Yaan,NG,80,1551503233,87,7.38,8.57,75.5,7.74
Gidole,ET,44,1551503233,36,5.65,37.37,79.28,2.15
Sao Miguel do Araguaia,BR,24,1551503234,96,-13.28,-50.16,72.26,3.04
Shimoda,JP,40,1551502939,100,34.7,138.93,55.4,14.99
Yerbogachen,RU,88,1551503234,74,61.28,108.01,20.56,4.83
Swellendam,ZA,24,1551499200,87,-34.02,20.44,55.4,3.36
Coquimbo,CL,75,1551499200,87,-29.95,-71.34,59.0,2.24
Robertsport,LR,0,1551503241,100,6.75,-11.37,80.72,3.83
Pimentel,BR,88,1551503241,98,-3.7,-45.5,71.54,0.13
Avera,US,90,1551503240,88,33.19,-82.53,63.0,5.82
Bosaso,SO,0,1551503054,100,11.28,49.18,77.08,5.95
Skjervoy,NO,0,1551503241,100,70.03,20.97,20.96,8.41
Burnie,AU,0,1551503163,72,-41.05,145.91,80.01,7.0
Okha,RU,0,1551503242,96,53.59,142.95,9.53,7.4
Chumikan,RU,44,1551503242,57,54.72,135.31,24.65,6.17
Cabedelo,BR,20,1551499200,94,-6.97,-34.84,75.2,2.24
